Img_name,Purpose,Class
00001.jpg,train,motorcycle
00002.jpg,train,motorcycle
00003.jpg,train,motorcycle
00004.jpg,train,motorcycle
00005.jpg,train,motorcycle
00006.jpg,train,motorcycle
00007.jpg,train,motorcycle
00008.jpg,train,motorcycle
00009.jpg,train,motorcycle
00010.jpg,train,motorcycle
00011.jpg,train,motorcycle
00012.jpg,train,motorcycle
00013.jpg,train,motorcycle
00014.jpg,train,motorcycle
00015.jpg,train,motorcycle
00016.jpg,train,motorcycle
00017.jpg,train,motorcycle
00018.jpg,train,motorcycle
00019.jpg,train,motorcycle
00020.jpg,train,motorcycle
00021.jpg,train,motorcycle
00022.jpg,train,motorcycle
00023.jpg,train,motorcycle
00024.jpg,train,motorcycle
00025.jpg,train,motorcycle
00026.jpg,train,motorcycle
00027.jpg,train,motorcycle
00028.jpg,train,motorcycle
00029.jpg,train,motorcycle
00030.jpg,train,motorcycle
00031.jpg,train,motorcycle
00032.jpg,train,motorcycle
00033.jpg,train,motorcycle
00034.jpg,train,motorcycle
00035.jpg,train,motorcycle
00036.jpg,train,motorcycle
00037.jpg,train,motorcycle
00038.jpg,train,motorcycle
00039.jpg,train,motorcycle
00040.jpg,train,motorcycle
00041.jpg,train,motorcycle
00042.jpg,train,motorcycle
00043.jpg,train,motorcycle
00044.jpg,train,motorcycle
00045.jpg,train,motorcycle
00046.jpg,train,motorcycle
00047.jpg,train,motorcycle
00048.jpg,train,motorcycle
00049.jpg,train,motorcycle
00050.jpg,train,motorcycle
00051.jpg,train,motorcycle
00052.jpg,train,motorcycle
00053.jpg,train,motorcycle
00054.jpg,train,motorcycle
00055.jpg,train,motorcycle
00056.jpg,train,motorcycle
00057.jpg,train,motorcycle
00058.jpg,train,motorcycle
00059.jpg,train,motorcycle
00060.jpg,train,motorcycle
00061.jpg,train,motorcycle
00062.jpg,train,motorcycle
00063.jpg,train,motorcycle
00064.jpg,train,motorcycle
00065.jpg,train,motorcycle
00066.jpg,train,motorcycle
00067.jpg,train,motorcycle
00068.jpg,train,motorcycle
00069.jpg,train,motorcycle
00070.jpg,train,motorcycle
00071.jpg,train,motorcycle
00072.jpg,train,motorcycle
00073.jpg,train,motorcycle
00074.jpg,train,motorcycle
00075.jpg,train,motorcycle
00076.jpg,train,motorcycle
00077.jpg,train,motorcycle
00078.jpg,train,motorcycle
00079.jpg,train,motorcycle
00080.jpg,train,motorcycle
00081.jpg,train,motorcycle
00082.jpg,train,motorcycle
00083.jpg,train,motorcycle
00084.jpg,train,motorcycle
00085.jpg,train,motorcycle
00086.jpg,train,motorcycle
00087.jpg,train,motorcycle
00088.jpg,train,motorcycle
00089.jpg,train,motorcycle
00090.jpg,train,motorcycle
00091.jpg,train,motorcycle
00092.jpg,train,motorcycle
00093.jpg,train,motorcycle
00094.jpg,train,motorcycle
00095.jpg,train,motorcycle
00096.jpg,train,motorcycle
00097.jpg,train,motorcycle
00098.jpg,train,motorcycle
00099.jpg,train,motorcycle
00100.jpg,train,motorcycle
00101.jpg,train,motorcycle
00102.jpg,train,motorcycle
00103.jpg,train,motorcycle
00104.jpg,train,motorcycle
00105.jpg,train,motorcycle
00106.jpg,train,motorcycle
00107.jpg,train,motorcycle
00108.jpg,train,motorcycle
00109.jpg,train,motorcycle
00110.jpg,train,motorcycle
00111.jpg,train,motorcycle
00112.jpg,train,motorcycle
00113.jpg,train,motorcycle
00114.jpg,train,motorcycle
00115.jpg,train,motorcycle
00116.jpg,train,motorcycle
00117.jpg,train,motorcycle
00118.jpg,train,motorcycle
00119.jpg,train,motorcycle
00120.jpg,train,motorcycle
00121.jpg,train,motorcycle
00122.jpg,train,motorcycle
00123.jpg,train,motorcycle
00124.jpg,train,motorcycle
00125.jpg,train,motorcycle
00126.jpg,train,motorcycle
00127.jpg,train,motorcycle
00128.jpg,train,motorcycle
00129.jpg,train,motorcycle
00130.jpg,train,motorcycle
00131.jpg,train,motorcycle
00132.jpg,train,motorcycle
00133.jpg,train,motorcycle
00134.jpg,train,motorcycle
00135.jpg,train,motorcycle
00136.jpg,train,motorcycle
00137.jpg,train,motorcycle
00138.jpg,train,motorcycle
00139.jpg,train,motorcycle
00140.jpg,train,motorcycle
00141.jpg,train,motorcycle
00142.jpg,train,motorcycle
00143.jpg,train,motorcycle
00144.jpg,train,motorcycle
00145.jpg,train,motorcycle
00146.jpg,train,motorcycle
00147.jpg,train,motorcycle
00148.jpg,train,motorcycle
00149.jpg,train,motorcycle
00150.jpg,train,motorcycle
00151.jpg,valid,motorcycle
00152.jpg,valid,motorcycle
00153.jpg,valid,motorcycle
00154.jpg,valid,motorcycle
00155.jpg,valid,motorcycle
00156.jpg,valid,motorcycle
00157.jpg,valid,motorcycle
00158.jpg,valid,motorcycle
00159.jpg,valid,motorcycle
00160.jpg,valid,motorcycle
00161.jpg,valid,motorcycle
00162.jpg,valid,motorcycle
00163.jpg,valid,motorcycle
00164.jpg,valid,motorcycle
00165.jpg,valid,motorcycle
00166.jpg,valid,motorcycle
00167.jpg,valid,motorcycle
00168.jpg,valid,motorcycle
00169.jpg,valid,motorcycle
00170.jpg,valid,motorcycle
00171.jpg,valid,motorcycle
00172.jpg,valid,motorcycle
00173.jpg,valid,motorcycle
00174.jpg,valid,motorcycle
00175.jpg,valid,motorcycle
00176.jpg,valid,motorcycle
00177.jpg,valid,motorcycle
00178.jpg,valid,motorcycle
00179.jpg,valid,motorcycle
00180.jpg,valid,motorcycle
00181.jpg,valid,motorcycle
00182.jpg,valid,motorcycle
00183.jpg,valid,motorcycle
00184.jpg,valid,motorcycle
00185.jpg,valid,motorcycle
00186.jpg,valid,motorcycle
00187.jpg,valid,motorcycle
00188.jpg,valid,motorcycle
00189.jpg,valid,motorcycle
00190.jpg,valid,motorcycle
00191.jpg,valid,motorcycle
00192.jpg,valid,motorcycle
00193.jpg,valid,motorcycle
00194.jpg,valid,motorcycle
00195.jpg,valid,motorcycle
00196.jpg,valid,motorcycle
00197.jpg,valid,motorcycle
00198.jpg,valid,motorcycle
00199.jpg,valid,motorcycle
00200.jpg,valid,motorcycle
00201.jpg,test,motorcycle
00202.jpg,test,motorcycle
00203.jpg,test,motorcycle
00204.jpg,test,motorcycle
00205.jpg,test,motorcycle
00206.jpg,test,motorcycle
00207.jpg,test,motorcycle
00208.jpg,test,motorcycle
00209.jpg,test,motorcycle
00210.jpg,test,motorcycle
00211.jpg,test,motorcycle
00212.jpg,test,motorcycle
00213.jpg,test,motorcycle
00214.jpg,test,motorcycle
00215.jpg,test,motorcycle
00216.jpg,test,motorcycle
00217.jpg,test,motorcycle
00218.jpg,test,motorcycle
00219.jpg,test,motorcycle
00220.jpg,test,motorcycle
00221.jpg,test,motorcycle
00222.jpg,test,motorcycle
00223.jpg,test,motorcycle
00224.jpg,test,motorcycle
00225.jpg,test,motorcycle
00226.jpg,test,motorcycle
00227.jpg,test,motorcycle
00228.jpg,test,motorcycle
00229.jpg,test,motorcycle
00230.jpg,test,motorcycle
00231.jpg,test,motorcycle
00232.jpg,test,motorcycle
00233.jpg,test,motorcycle
00234.jpg,test,motorcycle
00235.jpg,test,motorcycle
00236.jpg,test,motorcycle
00237.jpg,test,motorcycle
00238.jpg,test,motorcycle
00239.jpg,test,motorcycle
00240.jpg,test,motorcycle
00241.jpg,test,motorcycle
00242.jpg,test,motorcycle
00243.jpg,test,motorcycle
00244.jpg,test,motorcycle
00245.jpg,test,motorcycle
00246.jpg,test,motorcycle
00247.jpg,test,motorcycle
00248.jpg,test,motorcycle
00249.jpg,test,motorcycle
00250.jpg,test,motorcycle
00251.jpg,train,car
00252.jpg,train,car
00253.jpg,train,car
00254.jpg,train,car
00255.jpg,train,car
00256.jpg,train,car
00257.jpg,train,car
00258.jpg,train,car
00259.jpg,train,car
00260.jpg,train,car
00261.jpg,train,car
00262.jpg,train,car
00263.jpg,train,car
00264.jpg,train,car
00265.jpg,train,car
00266.jpg,train,car
00267.jpg,train,car
00268.jpg,train,car
00269.jpg,train,car
00270.jpg,train,car
00271.jpg,train,car
00272.jpg,train,car
00273.jpg,train,car
00274.jpg,train,car
00275.jpg,train,car
00276.jpg,train,car
00277.jpg,train,car
00278.jpg,train,car
00279.jpg,train,car
00280.jpg,train,car
00281.jpg,train,car
00282.jpg,train,car
00283.jpg,train,car
00284.jpg,train,car
00285.jpg,train,car
00286.jpg,train,car
00287.jpg,train,car
00288.jpg,train,car
00289.jpg,train,car
00290.jpg,train,car
00291.jpg,train,car
00292.jpg,train,car
00293.jpg,train,car
00294.jpg,train,car
00295.jpg,train,car
00296.jpg,train,car
00297.jpg,train,car
00298.jpg,train,car
00299.jpg,train,car
00300.jpg,train,car
00301.jpg,train,car
00302.jpg,train,car
00303.jpg,train,car
00304.jpg,train,car
00305.jpg,train,car
00306.jpg,train,car
00307.jpg,train,car
00308.jpg,train,car
00309.jpg,train,car
00310.jpg,train,car
00311.jpg,train,car
00312.jpg,train,car
00313.jpg,train,car
00314.jpg,train,car
00315.jpg,train,car
00316.jpg,train,car
00317.jpg,train,car
00318.jpg,train,car
00319.jpg,train,car
00320.jpg,train,car
00321.jpg,train,car
00322.jpg,train,car
00323.jpg,train,car
00324.jpg,train,car
00325.jpg,train,car
00326.jpg,train,car
00327.jpg,train,car
00328.jpg,train,car
00329.jpg,train,car
00330.jpg,train,car
00331.jpg,train,car
00332.jpg,train,car
00333.jpg,train,car
00334.jpg,train,car
00335.jpg,train,car
00336.jpg,train,car
00337.jpg,train,car
00338.jpg,train,car
00339.jpg,train,car
00340.jpg,train,car
00341.jpg,train,car
00342.jpg,train,car
00343.jpg,train,car
00344.jpg,train,car
00345.jpg,train,car
00346.jpg,train,car
00347.jpg,train,car
00348.jpg,train,car
00349.jpg,train,car
00350.jpg,train,car
00351.jpg,train,car
00352.jpg,train,car
00353.jpg,train,car
00354.jpg,train,car
00355.jpg,train,car
00356.jpg,train,car
00357.jpg,train,car
00358.jpg,train,car
00359.jpg,train,car
00360.jpg,train,car
00361.jpg,train,car
00362.jpg,train,car
00363.jpg,train,car
00364.jpg,train,car
00365.jpg,train,car
00366.jpg,train,car
00367.jpg,train,car
00368.jpg,train,car
00369.jpg,train,car
00370.jpg,train,car
00371.jpg,train,car
00372.jpg,train,car
00373.jpg,train,car
00374.jpg,train,car
00375.jpg,train,car
00376.jpg,train,car
00377.jpg,train,car
00378.jpg,train,car
00379.jpg,train,car
00380.jpg,train,car
00381.jpg,train,car
00382.jpg,train,car
00383.jpg,train,car
00384.jpg,train,car
00385.jpg,train,car
00386.jpg,train,car
00387.jpg,train,car
00388.jpg,train,car
00389.jpg,train,car
00390.jpg,train,car
00391.jpg,train,car
00392.jpg,train,car
00393.jpg,train,car
00394.jpg,train,car
00395.jpg,train,car
00396.jpg,train,car
00397.jpg,train,car
00398.jpg,train,car
00399.jpg,train,car
00400.jpg,train,car
00401.jpg,valid,car
00402.jpg,valid,car
00403.jpg,valid,car
00404.jpg,valid,car
00405.jpg,valid,car
00406.jpg,valid,car
00407.jpg,valid,car
00408.jpg,valid,car
00409.jpg,valid,car
00410.jpg,valid,car
00411.jpg,valid,car
00412.jpg,valid,car
00413.jpg,valid,car
00414.jpg,valid,car
00415.jpg,valid,car
00416.jpg,valid,car
00417.jpg,valid,car
00418.jpg,valid,car
00419.jpg,valid,car
00420.jpg,valid,car
00421.jpg,valid,car
00422.jpg,valid,car
00423.jpg,valid,car
00424.jpg,valid,car
00425.jpg,valid,car
00426.jpg,valid,car
00427.jpg,valid,car
00428.jpg,valid,car
00429.jpg,valid,car
00430.jpg,valid,car
00431.jpg,valid,car
00432.jpg,valid,car
00433.jpg,valid,car
00434.jpg,valid,car
00435.jpg,valid,car
00436.jpg,valid,car
00437.jpg,valid,car
00438.jpg,valid,car
00439.jpg,valid,car
00440.jpg,valid,car
00441.jpg,valid,car
00442.jpg,valid,car
00443.jpg,valid,car
00444.jpg,valid,car
00445.jpg,valid,car
00446.jpg,valid,car
00447.jpg,valid,car
00448.jpg,valid,car
00449.jpg,valid,car
00450.jpg,valid,car
00451.jpg,test,car
00452.jpg,test,car
00453.jpg,test,car
00454.jpg,test,car
00455.jpg,test,car
00456.jpg,test,car
00457.jpg,test,car
00458.jpg,test,car
00459.jpg,test,car
00460.jpg,test,car
00461.jpg,test,car
00462.jpg,test,car
00463.jpg,test,car
00464.jpg,test,car
00465.jpg,test,car
00466.jpg,test,car
00467.jpg,test,car
00468.jpg,test,car
00469.jpg,test,car
00470.jpg,test,car
00471.jpg,test,car
00472.jpg,test,car
00473.jpg,test,car
00474.jpg,test,car
00475.jpg,test,car
00476.jpg,test,car
00477.jpg,test,car
00478.jpg,test,car
00479.jpg,test,car
00480.jpg,test,car
00481.jpg,test,car
00482.jpg,test,car
00483.jpg,test,car
00484.jpg,test,car
00485.jpg,test,car
00486.jpg,test,car
00487.jpg,test,car
00488.jpg,test,car
00489.jpg,test,car
00490.jpg,test,car
00491.jpg,test,car
00492.jpg,test,car
00493.jpg,test,car
00494.jpg,test,car
00495.jpg,test,car
00496.jpg,test,car
00497.jpg,test,car
00498.jpg,test,car
00499.jpg,test,car
00500.jpg,test,car
